{
  "$schema": "http://json-schema.org/draft-04/schema#",
  "type": "object",
  "properties": {
    "orders": {
      "type": "array",
      "items": [
        {
          "type": "object",
          "properties": {
            "orderID": {
              "type": "string"
            },
            "customerID": {
              "type": "string"
            },
            "orderType": {
              "type": "string"
            },
            "amount": {
              "type": "number"
            }
          },
          "required": [
            "orderID",
            "customerID",
            "orderType",
            "amount"
          ]
        },
        {
          "type": "object",
          "properties": {
            "orderID": {
              "type": "string"
            },
            "customerID": {
              "type": "string"
            },
            "orderType": {
              "type": "string"
            },
            "amount": {
              "type": "number"
            }
          },
          "required": [
            "orderID",
            "customerID",
            "orderType",
            "amount"
          ]
        },
        {
          "type": "object",
          "properties": {
            "orderID": {
              "type": "string"
            },
            "customerID": {
              "type": "string"
            },
            "orderType": {
              "type": "string"
            },
            "amount": {
              "type": "number"
            }
          },
          "required": [
            "orderID",
            "customerID",
            "orderType",
            "amount"
          ]
        },
        {
          "type": "object",
          "properties": {
            "orderID": {
              "type": "string"
            },
            "customerID": {
              "type": "string"
            },
            "orderType": {
              "type": "string"
            },
            "amount": {
              "type": "number"
            }
          },
          "required": [
            "orderID",
            "customerID",
            "orderType",
            "amount"
          ]
        }
      ]
    }
  },
  "required": [
    "orders"
  ]
}