<?xml version="1.0" encoding="UTF-8"?><PolicyTemplateContainer>
    <name>SAPES5BasicAuthTemplate</name>
    <version>1</version>
    <title>SAPES5BasicAuthTemplate</title>
    <proxyEndPointxml>&lt;preFlow&gt;&lt;name&gt;PreFlow&lt;/name&gt;&lt;request&gt;&lt;isRequest&gt;true&lt;/isRequest&gt;&lt;steps&gt;&lt;step&gt;&lt;policy_name&gt;verifyAPIKey&lt;/policy_name&gt;&lt;condition&gt;&lt;/condition&gt;&lt;sequence&gt;1&lt;/sequence&gt;&lt;/step&gt;&lt;step&gt;&lt;policy_name&gt;removeHeaderAPIKey&lt;/policy_name&gt;&lt;condition&gt;&lt;/condition&gt;&lt;sequence&gt;2&lt;/sequence&gt;&lt;/step&gt;&lt;/steps&gt;&lt;/request&gt;&lt;response&gt;&lt;isRequest&gt;false&lt;/isRequest&gt;&lt;steps&gt;&lt;/steps&gt;&lt;/response&gt;&lt;/preFlow&gt;&lt;postFlow&gt;&lt;name&gt;PostFlow&lt;/name&gt;&lt;request&gt;&lt;isRequest&gt;true&lt;/isRequest&gt;&lt;steps&gt;&lt;/steps&gt;&lt;/request&gt;&lt;response&gt;&lt;isRequest&gt;false&lt;/isRequest&gt;&lt;steps&gt;&lt;/steps&gt;&lt;/response&gt;&lt;/postFlow&gt;&lt;defaultFaultRule&gt;&lt;name&gt;defaultFaultRule&lt;/name&gt;&lt;steps&gt;&lt;/steps&gt;&lt;/defaultFaultRule&gt;&lt;postClientFlow&gt;&lt;name&gt;postClientFlow&lt;/name&gt;&lt;response&gt;&lt;steps&gt;&lt;/steps&gt;&lt;/response&gt;&lt;/postClientFlow&gt;</proxyEndPointxml>
    <life_cycle>
        <changed_by>ilirjan.rexho@realcore.de</changed_by>
        <created_by>ilirjan.rexho@realcore.de</created_by>
    </life_cycle>
    <targetEndPointxml>&lt;preFlow&gt;&lt;name&gt;PreFlow&lt;/name&gt;&lt;request&gt;&lt;isRequest&gt;true&lt;/isRequest&gt;&lt;steps&gt;&lt;step&gt;&lt;policy_name&gt;basicAuthSetUserPasswordEncrypted&lt;/policy_name&gt;&lt;condition&gt;&lt;/condition&gt;&lt;sequence&gt;2&lt;/sequence&gt;&lt;/step&gt;&lt;step&gt;&lt;policy_name&gt;kvmGetCredentialEncryptedSAPES5&lt;/policy_name&gt;&lt;condition&gt;&lt;/condition&gt;&lt;sequence&gt;1&lt;/sequence&gt;&lt;/step&gt;&lt;/steps&gt;&lt;/request&gt;&lt;response&gt;&lt;isRequest&gt;false&lt;/isRequest&gt;&lt;steps&gt;&lt;/steps&gt;&lt;/response&gt;&lt;/preFlow&gt;&lt;postFlow&gt;&lt;name&gt;PostFlow&lt;/name&gt;&lt;request&gt;&lt;isRequest&gt;true&lt;/isRequest&gt;&lt;steps&gt;&lt;/steps&gt;&lt;/request&gt;&lt;response&gt;&lt;isRequest&gt;false&lt;/isRequest&gt;&lt;steps&gt;&lt;/steps&gt;&lt;/response&gt;&lt;/postFlow&gt;&lt;defaultFaultRule&gt;&lt;name&gt;defaultFaultRule&lt;/name&gt;&lt;steps&gt;&lt;/steps&gt;&lt;/defaultFaultRule&gt;&lt;postClientFlow&gt;&lt;name&gt;postClientFlow&lt;/name&gt;&lt;response&gt;&lt;steps&gt;&lt;/steps&gt;&lt;/response&gt;&lt;/postClientFlow&gt;</targetEndPointxml>
    <policies>
        <policy type="KeyValueMapOperations">kvmGetCredentialEncryptedSAPES5</policy>
        <policy type="BasicAuth">basicAuthSetUserPasswordEncrypted</policy>
    </policies>
    <fileResources/>
</PolicyTemplateContainer>